"country","year","variable","valor","q1","q3","iqr","lower","upper","es_outlier"
"Lesotho",2000,"edu_exp_gdp",10.0915498733521,2.82162499427795,5.29645991325379,2.47483491897584,-0.890627384185803,9.00871229171754,TRUE
"Kiribati",2000,"edu_exp_gdp",10.0424404144287,2.82162499427795,5.29645991325379,2.47483491897584,-0.890627384185803,9.00871229171754,TRUE
"Yemen, Rep.",2000,"edu_exp_gdp",9.66162967681885,2.82162499427795,5.29645991325379,2.47483491897584,-0.890627384185803,9.00871229171754,TRUE
"Djibouti",2000,"edu_exp_gdp",9.65999984741211,2.82162499427795,5.29645991325379,2.47483491897584,-0.890627384185803,9.00871229171754,TRUE
"Kiribati",2001,"edu_exp_gdp",11.649169921875,3.0582475066185,5.36108767986298,2.30284017324448,-0.396012753248215,8.8153479397297,TRUE
"Lesotho",2001,"edu_exp_gdp",9.36505031585693,3.0582475066185,5.36108767986298,2.30284017324448,-0.396012753248215,8.8153479397297,TRUE
"Yemen, Rep.",2001,"edu_exp_gdp",9.24470996856689,3.0582475066185,5.36108767986298,2.30284017324448,-0.396012753248215,8.8153479397297,TRUE
"Vanuatu",2001,"edu_exp_gdp",8.95114994049072,3.0582475066185,5.36108767986298,2.30284017324448,-0.396012753248215,8.8153479397297,TRUE
"Nauru",2002,"edu_exp_gdp",15.8634700775147,3.00493001937866,5.56255006790161,2.55762004852295,-0.831500053405766,9.39898014068604,TRUE
"Lesotho",2002,"edu_exp_gdp",10.1004495620728,3.00493001937866,5.56255006790161,2.55762004852295,-0.831500053405766,9.39898014068604,TRUE
"Cuba",2002,"edu_exp_gdp",9.57116985321045,3.00493001937866,5.56255006790161,2.55762004852295,-0.831500053405766,9.39898014068604,TRUE
"Lesotho",2003,"edu_exp_gdp",13.2195701599121,3.12451004981994,5.3882749080658,2.26376485824585,-0.27113723754883,8.78392219543457,TRUE
"Marshall Islands",2003,"edu_exp_gdp",11.8441295623779,3.12451004981994,5.3882749080658,2.26376485824585,-0.27113723754883,8.78392219543457,TRUE
"Cuba",2003,"edu_exp_gdp",9.9408597946167,3.12451004981994,5.3882749080658,2.26376485824585,-0.27113723754883,8.78392219543457,TRUE
"Djibouti",2003,"edu_exp_gdp",8.88984966278076,3.12451004981994,5.3882749080658,2.26376485824585,-0.27113723754883,8.78392219543457,TRUE
"Lesotho",2004,"edu_exp_gdp",11.1090097427368,2.89083003997803,5.23113012313843,2.3403000831604,-0.619620084762569,8.74158024787903,TRUE
"Cuba",2004,"edu_exp_gdp",10.2682304382324,2.89083003997803,5.23113012313843,2.3403000831604,-0.619620084762569,8.74158024787903,TRUE
"Djibouti",2004,"edu_exp_gdp",9.26467037200928,2.89083003997803,5.23113012313843,2.3403000831604,-0.619620084762569,8.74158024787903,TRUE
"Lesotho",2005,"edu_exp_gdp",12.0796604156494,2.97462010383606,5.28515005111694,2.31052994728088,-0.491174817085259,8.75094497203826,TRUE
"Botswana",2005,"edu_exp_gdp",10.6785898208618,2.97462010383606,5.28515005111694,2.31052994728088,-0.491174817085259,8.75094497203826,TRUE
"Cuba",2005,"edu_exp_gdp",10.5577802658081,2.97462010383606,5.28515005111694,2.31052994728088,-0.491174817085259,8.75094497203826,TRUE
"American Samoa",2006,"edu_exp_gdp",14.7170495986938,2.97000503540039,5.2756576538086,2.30565261840821,-0.488473892211919,8.7341365814209,TRUE
"Lesotho",2006,"edu_exp_gdp",11.2712802886963,2.97000503540039,5.2756576538086,2.30565261840821,-0.488473892211919,8.7341365814209,TRUE
"Cuba",2006,"edu_exp_gdp",9.05716991424561,2.97000503540039,5.2756576538086,2.30565261840821,-0.488473892211919,8.7341365814209,TRUE
"Cuba",2007,"edu_exp_gdp",11.8682098388672,3.01753997802734,5.13577508926392,2.11823511123657,-0.159812688827511,8.31312775611877,TRUE
"Botswana",2007,"edu_exp_gdp",9.04666996002197,3.01753997802734,5.13577508926392,2.11823511123657,-0.159812688827511,8.31312775611877,TRUE
"Djibouti",2007,"edu_exp_gdp",8.40625,3.01753997802734,5.13577508926392,2.11823511123657,-0.159812688827511,8.31312775611877,TRUE
"Cuba",2008,"edu_exp_gdp",14.0590801239014,3.17272996902466,5.2688398361206,2.09610986709594,0.0285651683807497,8.41300463676451,TRUE
"Lesotho",2008,"edu_exp_gdp",12.3287401199341,3.17272996902466,5.2688398361206,2.09610986709594,0.0285651683807497,8.41300463676451,TRUE
"Timor-Leste",2008,"edu_exp_gdp",8.67014980316162,3.17272996902466,5.2688398361206,2.09610986709594,0.0285651683807497,8.41300463676451,TRUE
"Cuba",2009,"edu_exp_gdp",13.1248598098755,3.21026992797852,5.58226239681244,2.37199246883392,-0.347718775272365,9.14025110006332,TRUE
"Timor-Leste",2009,"edu_exp_gdp",12.9024801254272,3.21026992797852,5.58226239681244,2.37199246883392,-0.347718775272365,9.14025110006332,TRUE
"Sao Tome and Principe",2009,"edu_exp_gdp",9.99429035186768,3.21026992797852,5.58226239681244,2.37199246883392,-0.347718775272365,9.14025110006332,TRUE
"Botswana",2009,"edu_exp_gdp",9.8253002166748,3.21026992797852,5.58226239681244,2.37199246883392,-0.347718775272365,9.14025110006332,TRUE
"Moldova",2009,"edu_exp_gdp",9.5097599029541,3.21026992797852,5.58226239681244,2.37199246883392,-0.347718775272365,9.14025110006332,TRUE
"Cuba",2010,"edu_exp_gdp",12.8373098373413,2.84864997863769,5.4214301109314,2.57278013229371,-1.01052021980288,9.28060030937197,TRUE
"Timor-Leste",2010,"edu_exp_gdp",11.1065797805786,2.84864997863769,5.4214301109314,2.57278013229371,-1.01052021980288,9.28060030937197,TRUE
"Sao Tome and Principe",2010,"edu_exp_gdp",9.9882698059082,2.84864997863769,5.4214301109314,2.57278013229371,-1.01052021980288,9.28060030937197,TRUE
"Botswana",2011,"edu_exp_gdp",10.8265537416631,2.92736250162125,5.39578986167908,2.46842736005783,-0.775278538465503,9.09843090176583,TRUE
"Timor-Leste",2011,"edu_exp_gdp",10.1935195922852,2.92736250162125,5.39578986167908,2.46842736005783,-0.775278538465503,9.09843090176583,TRUE
"Algeria",2011,"edu_exp_gdp",9.12453448642892,2.92736250162125,5.39578986167908,2.46842736005783,-0.775278538465503,9.09843090176583,TRUE
"Kiribati",2012,"edu_exp_gdp",12.499488,2.88964009284973,5.55294838577208,2.66330829292235,-1.10532234653379,9.5479108251556,TRUE
"Micronesia, Fed. Sts.",2012,"edu_exp_gdp",11.7192291367391,2.88964009284973,5.55294838577208,2.66330829292235,-1.10532234653379,9.5479108251556,TRUE
"Cuba",2012,"edu_exp_gdp",11.5516604913797,2.88964009284973,5.55294838577208,2.66330829292235,-1.10532234653379,9.5479108251556,TRUE
"Micronesia, Fed. Sts.",2013,"edu_exp_gdp",12.3438831906748,3.17475008964539,5.43661022186279,2.2618601322174,-0.21804010868071,8.82940042018889,TRUE
"Kiribati",2013,"edu_exp_gdp",12.0902942583732,3.17475008964539,5.43661022186279,2.2618601322174,-0.21804010868071,8.82940042018889,TRUE
"Cuba",2013,"edu_exp_gdp",10.67169596101,3.17475008964539,5.43661022186279,2.2618601322174,-0.21804010868071,8.82940042018889,TRUE
"Micronesia, Fed. Sts.",2014,"edu_exp_gdp",12.2281680903257,3.08483493328094,5.4079858089489,2.32315087566796,-0.399891380220996,8.89271212245085,TRUE
"Kiribati",2014,"edu_exp_gdp",11.513136036036,3.08483493328094,5.4079858089489,2.32315087566796,-0.399891380220996,8.89271212245085,TRUE
"Cuba",2014,"edu_exp_gdp",9.6074568445536,3.08483493328094,5.4079858089489,2.32315087566796,-0.399891380220996,8.89271212245085,TRUE
"Micronesia, Fed. Sts.",2015,"edu_exp_gdp",12.407919883728,3.2273470539234,5.35656932514008,2.12922227121668,0.033513647098371,8.55040273196511,TRUE
"Kiribati",2015,"edu_exp_gdp",10.7683901960784,3.2273470539234,5.35656932514008,2.12922227121668,0.033513647098371,8.55040273196511,TRUE
"Namibia",2015,"edu_exp_gdp",9.8507685020388,3.2273470539234,5.35656932514008,2.12922227121668,0.033513647098371,8.55040273196511,TRUE
"Cuba",2015,"edu_exp_gdp",8.9633578559392,3.2273470539234,5.35656932514008,2.12922227121668,0.033513647098371,8.55040273196511,TRUE
"Micronesia, Fed. Sts.",2016,"edu_exp_gdp",13.814728,3.14643001556396,5.38952016830444,2.24309015274048,-0.21820521354676,8.75415539741516,TRUE
"Kiribati",2016,"edu_exp_gdp",11.646473381295,3.14643001556396,5.38952016830444,2.24309015274048,-0.21820521354676,8.75415539741516,TRUE
"Namibia",2016,"edu_exp_gdp",10.5927948535144,3.14643001556396,5.38952016830444,2.24309015274048,-0.21820521354676,8.75415539741516,TRUE
"Cuba",2016,"edu_exp_gdp",9.01309318032688,3.14643001556396,5.38952016830444,2.24309015274048,-0.21820521354676,8.75415539741516,TRUE
"Micronesia, Fed. Sts.",2017,"edu_exp_gdp",12.6815821727019,3.12146496772766,5.27008509635925,2.14862012863159,-0.101465225219731,8.49301528930665,TRUE
"Kiribati",2017,"edu_exp_gdp",11.4761649484536,3.12146496772766,5.27008509635925,2.14862012863159,-0.101465225219731,8.49301528930665,TRUE
"Kiribati",2018,"edu_exp_gdp",12.9204194888179,3.13193988800049,5.20437002182007,2.07243013381958,0.0232946872711199,8.31301522254944,TRUE
"Micronesia, Fed. Sts.",2018,"edu_exp_gdp",9.94274464285714,3.13193988800049,5.20437002182007,2.07243013381958,0.0232946872711199,8.31301522254944,TRUE
"Namibia",2018,"edu_exp_gdp",8.88112249415185,3.13193988800049,5.20437002182007,2.07243013381958,0.0232946872711199,8.31301522254944,TRUE
"Vanuatu",2018,"edu_exp_gdp",8.60634669948001,3.13193988800049,5.20437002182007,2.07243013381958,0.0232946872711199,8.31301522254944,TRUE
"Kiribati",2019,"edu_exp_gdp",14.5197413461539,3.15307114842573,5.16415023803711,2.01107908961138,0.13645251400866,8.18076887245418,TRUE
"Micronesia, Fed. Sts.",2019,"edu_exp_gdp",10.6931682741117,3.15307114842573,5.16415023803711,2.01107908961138,0.13645251400866,8.18076887245418,TRUE
"Marshall Islands",2019,"edu_exp_gdp",9.88208961486816,3.15307114842573,5.16415023803711,2.01107908961138,0.13645251400866,8.18076887245418,TRUE
"Namibia",2019,"edu_exp_gdp",9.32253195522987,3.15307114842573,5.16415023803711,2.01107908961138,0.13645251400866,8.18076887245418,TRUE
"Cuba",2019,"edu_exp_gdp",9.04700486137163,3.15307114842573,5.16415023803711,2.01107908961138,0.13645251400866,8.18076887245418,TRUE
"Botswana",2019,"edu_exp_gdp",8.3989966033446,3.15307114842573,5.16415023803711,2.01107908961138,0.13645251400866,8.18076887245418,TRUE
"United Arab Emirates",2000,"gdp_pc_ppp",91317.6283656904,2366.68249485907,15524.5224236698,13157.8399288107,-17370.077398357,35261.2823168858,TRUE
"Qatar",2000,"gdp_pc_ppp",88848.6270265346,2366.68249485907,15524.5224236698,13157.8399288107,-17370.077398357,35261.2823168858,TRUE
"Brunei Darussalam",2000,"gdp_pc_ppp",73086.931984444,2366.68249485907,15524.5224236698,13157.8399288107,-17370.077398357,35261.2823168858,TRUE
"Kuwait",2000,"gdp_pc_ppp",58702.8673247959,2366.68249485907,15524.5224236698,13157.8399288107,-17370.077398357,35261.2823168858,TRUE
"Luxembourg",2000,"gdp_pc_ppp",55124.2922512694,2366.68249485907,15524.5224236698,13157.8399288107,-17370.077398357,35261.2823168858,TRUE
"Bermuda",2000,"gdp_pc_ppp",54176.377748356,2366.68249485907,15524.5224236698,13157.8399288107,-17370.077398357,35261.2823168858,TRUE
"San Marino",2000,"gdp_pc_ppp",53713.4483344714,2366.68249485907,15524.5224236698,13157.8399288107,-17370.077398357,35261.2823168858,TRUE
"Saudi Arabia",2000,"gdp_pc_ppp",48643.5914969922,2366.68249485907,15524.5224236698,13157.8399288107,-17370.077398357,35261.2823168858,TRUE
"Bahrain",2000,"gdp_pc_ppp",45687.5217405647,2366.68249485907,15524.5224236698,13157.8399288107,-17370.077398357,35261.2823168858,TRUE
"Singapore",2000,"gdp_pc_ppp",43781.2691496809,2366.68249485907,15524.5224236698,13157.8399288107,-17370.077398357,35261.2823168858,TRUE
"Oman",2000,"gdp_pc_ppp",39443.2607398257,2366.68249485907,15524.5224236698,13157.8399288107,-17370.077398357,35261.2823168858,TRUE
"Norway",2000,"gdp_pc_ppp",36986.4941984639,2366.68249485907,15524.5224236698,13157.8399288107,-17370.077398357,35261.2823168858,TRUE
"Switzerland",2000,"gdp_pc_ppp",36695.2070554187,2366.68249485907,15524.5224236698,13157.8399288107,-17370.077398357,35261.2823168858,TRUE
"United States",2000,"gdp_pc_ppp",36329.9702595751,2366.68249485907,15524.5224236698,13157.8399288107,-17370.077398357,35261.2823168858,TRUE
"Qatar",2001,"gdp_pc_ppp",89804.8602762009,2461.76199804101,16604.4023745563,14142.6403765152,-18752.1985667318,37818.3629393291,TRUE
"United Arab Emirates",2001,"gdp_pc_ppp",88831.576609184,2461.76199804101,16604.4023745563,14142.6403765152,-18752.1985667318,37818.3629393291,TRUE
"Brunei Darussalam",2001,"gdp_pc_ppp",74253.8817193504,2461.76199804101,16604.4023745563,14142.6403765152,-18752.1985667318,37818.3629393291,TRUE
"Bermuda",2001,"gdp_pc_ppp",59092.8759704678,2461.76199804101,16604.4023745563,14142.6403765152,-18752.1985667318,37818.3629393291,TRUE
"Kuwait",2001,"gdp_pc_ppp",58552.7839177719,2461.76199804101,16604.4023745563,14142.6403765152,-18752.1985667318,37818.3629393291,TRUE
"San Marino",2001,"gdp_pc_ppp",57251.795597303,2461.76199804101,16604.4023745563,14142.6403765152,-18752.1985667318,37818.3629393291,TRUE
"Luxembourg",2001,"gdp_pc_ppp",56141.7751664486,2461.76199804101,16604.4023745563,14142.6403765152,-18752.1985667318,37818.3629393291,TRUE
"Saudi Arabia",2001,"gdp_pc_ppp",47380.7878428477,2461.76199804101,16604.4023745563,14142.6403765152,-18752.1985667318,37818.3629393291,TRUE
"Bahrain",2001,"gdp_pc_ppp",46161.5758464288,2461.76199804101,16604.4023745563,14142.6403765152,-18752.1985667318,37818.3629393291,TRUE
"Singapore",2001,"gdp_pc_ppp",43109.0641940157,2461.76199804101,16604.4023745563,14142.6403765152,-18752.1985667318,37818.3629393291,TRUE
"Oman",2001,"gdp_pc_ppp",41679.0150905058,2461.76199804101,16604.4023745563,14142.6403765152,-18752.1985667318,37818.3629393291,TRUE
"Norway",2001,"gdp_pc_ppp",37833.4804107324,2461.76199804101,16604.4023745563,14142.6403765152,-18752.1985667318,37818.3629393291,TRUE
"Switzerland",2001,"gdp_pc_ppp",37822.9275072501,2461.76199804101,16604.4023745563,14142.6403765152,-18752.1985667318,37818.3629393291,TRUE
"Qatar",2002,"gdp_pc_ppp",93176.4527019753,2533.76146565244,18344.0329427938,15810.2714771414,-21181.6457500596,42059.4401585058,TRUE
"United Arab Emirates",2002,"gdp_pc_ppp",86960.3167434205,2533.76146565244,18344.0329427938,15810.2714771414,-21181.6457500596,42059.4401585058,TRUE
"Brunei Darussalam",2002,"gdp_pc_ppp",76838.1758589973,2533.76146565244,18344.0329427938,15810.2714771414,-21181.6457500596,42059.4401585058,TRUE
"Kuwait",2002,"gdp_pc_ppp",59713.1722241156,2533.76146565244,18344.0329427938,15810.2714771414,-21181.6457500596,42059.4401585058,TRUE
"Bermuda",2002,"gdp_pc_ppp",58862.6907986795,2533.76146565244,18344.0329427938,15810.2714771414,-21181.6457500596,42059.4401585058,TRUE
"Luxembourg",2002,"gdp_pc_ppp",58575.6792717544,2533.76146565244,18344.0329427938,15810.2714771414,-21181.6457500596,42059.4401585058,TRUE
"San Marino",2002,"gdp_pc_ppp",57583.9069425178,2533.76146565244,18344.0329427938,15810.2714771414,-21181.6457500596,42059.4401585058,TRUE
"Saudi Arabia",2002,"gdp_pc_ppp",45466.0110734721,2533.76146565244,18344.0329427938,15810.2714771414,-21181.6457500596,42059.4401585058,TRUE
"Bahrain",2002,"gdp_pc_ppp",45091.4894218656,2533.76146565244,18344.0329427938,15810.2714771414,-21181.6457500596,42059.4401585058,TRUE
"Singapore",2002,"gdp_pc_ppp",45083.2529904573,2533.76146565244,18344.0329427938,15810.2714771414,-21181.6457500596,42059.4401585058,TRUE
"Qatar",2003,"gdp_pc_ppp",94120.2880704122,2628.21573169373,19606.58938716,16978.3736554663,-22839.3447515057,45074.1498703594,TRUE
"United Arab Emirates",2003,"gdp_pc_ppp",91058.6690664392,2628.21573169373,19606.58938716,16978.3736554663,-22839.3447515057,45074.1498703594,TRUE
"Brunei Darussalam",2003,"gdp_pc_ppp",79632.1721969474,2628.21573169373,19606.58938716,16978.3736554663,-22839.3447515057,45074.1498703594,TRUE
"Kuwait",2003,"gdp_pc_ppp",69752.3841782549,2628.21573169373,19606.58938716,16978.3736554663,-22839.3447515057,45074.1498703594,TRUE
"Bermuda",2003,"gdp_pc_ppp",61829.3240116897,2628.21573169373,19606.58938716,16978.3736554663,-22839.3447515057,45074.1498703594,TRUE
"San Marino",2003,"gdp_pc_ppp",60223.9128467427,2628.21573169373,19606.58938716,16978.3736554663,-22839.3447515057,45074.1498703594,TRUE
"Luxembourg",2003,"gdp_pc_ppp",60199.8507967788,2628.21573169373,19606.58938716,16978.3736554663,-22839.3447515057,45074.1498703594,TRUE
"Singapore",2003,"gdp_pc_ppp",48778.2983301244,2628.21573169373,19606.58938716,16978.3736554663,-22839.3447515057,45074.1498703594,TRUE
"Saudi Arabia",2003,"gdp_pc_ppp",48078.1030737004,2628.21573169373,19606.58938716,16978.3736554663,-22839.3447515057,45074.1498703594,TRUE
"Bahrain",2003,"gdp_pc_ppp",45426.9345932944,2628.21573169373,19606.58938716,16978.3736554663,-22839.3447515057,45074.1498703594,TRUE
"Qatar",2004,"gdp_pc_ppp",110957.735359888,2764.91389633307,20990.9328225987,18226.0189262656,-24574.1144930654,48329.9612119971,TRUE
"United Arab Emirates",2004,"gdp_pc_ppp",96981.5907871132,2764.91389633307,20990.9328225987,18226.0189262656,-24574.1144930654,48329.9612119971,TRUE
"Brunei Darussalam",2004,"gdp_pc_ppp",80403.7579266317,2764.91389633307,20990.9328225987,18226.0189262656,-24574.1144930654,48329.9612119971,TRUE
"Kuwait",2004,"gdp_pc_ppp",77226.6368376352,2764.91389633307,20990.9328225987,18226.0189262656,-24574.1144930654,48329.9612119971,TRUE
"Bermuda",2004,"gdp_pc_ppp",64790.2739198061,2764.91389633307,20990.9328225987,18226.0189262656,-24574.1144930654,48329.9612119971,TRUE
"Luxembourg",2004,"gdp_pc_ppp",64694.4334161028,2764.91389633307,20990.9328225987,18226.0189262656,-24574.1144930654,48329.9612119971,TRUE
"San Marino",2004,"gdp_pc_ppp",61113.9018661653,2764.91389633307,20990.9328225987,18226.0189262656,-24574.1144930654,48329.9612119971,TRUE
"Macao SAR, China",2004,"gdp_pc_ppp",56593.4134378282,2764.91389633307,20990.9328225987,18226.0189262656,-24574.1144930654,48329.9612119971,TRUE
"Singapore",2004,"gdp_pc_ppp",54383.8062332219,2764.91389633307,20990.9328225987,18226.0189262656,-24574.1144930654,48329.9612119971,TRUE
"Saudi Arabia",2004,"gdp_pc_ppp",51225.309265116,2764.91389633307,20990.9328225987,18226.0189262656,-24574.1144930654,48329.9612119971,TRUE
"Qatar",2005,"gdp_pc_ppp",115250.305890831,2903.83429043881,22227.4148621006,19323.5805716618,-26081.5365670539,51212.7857195933,TRUE
"United Arab Emirates",2005,"gdp_pc_ppp",99576.6168703857,2903.83429043881,22227.4148621006,19323.5805716618,-26081.5365670539,51212.7857195933,TRUE
"Kuwait",2005,"gdp_pc_ppp",84968.0198398511,2903.83429043881,22227.4148621006,19323.5805716618,-26081.5365670539,51212.7857195933,TRUE
"Brunei Darussalam",2005,"gdp_pc_ppp",81534.1716616816,2903.83429043881,22227.4148621006,19323.5805716618,-26081.5365670539,51212.7857195933,TRUE
"Luxembourg",2005,"gdp_pc_ppp",68787.8547494266,2903.83429043881,22227.4148621006,19323.5805716618,-26081.5365670539,51212.7857195933,TRUE
"Bermuda",2005,"gdp_pc_ppp",67771.4683756141,2903.83429043881,22227.4148621006,19323.5805716618,-26081.5365670539,51212.7857195933,TRUE
"San Marino",2005,"gdp_pc_ppp",63738.5738721939,2903.83429043881,22227.4148621006,19323.5805716618,-26081.5365670539,51212.7857195933,TRUE
"Macao SAR, China",2005,"gdp_pc_ppp",60576.6177045103,2903.83429043881,22227.4148621006,19323.5805716618,-26081.5365670539,51212.7857195933,TRUE
"Singapore",2005,"gdp_pc_ppp",58821.6934650901,2903.83429043881,22227.4148621006,19323.5805716618,-26081.5365670539,51212.7857195933,TRUE
"Saudi Arabia",2005,"gdp_pc_ppp",53548.1791867027,2903.83429043881,22227.4148621006,19323.5805716618,-26081.5365670539,51212.7857195933,TRUE
"Qatar",2006,"gdp_pc_ppp",127180.603773016,3133.85866305254,24422.4674534342,21288.6087903817,-28799.05452252,56355.3806390068,TRUE
"United Arab Emirates",2006,"gdp_pc_ppp",104995.397893447,3133.85866305254,24422.4674534342,21288.6087903817,-28799.05452252,56355.3806390068,TRUE
"Kuwait",2006,"gdp_pc_ppp",89075.2246063075,3133.85866305254,24422.4674534342,21288.6087903817,-28799.05452252,56355.3806390068,TRUE
"Brunei Darussalam",2006,"gdp_pc_ppp",86114.3372217103,3133.85866305254,24422.4674534342,21288.6087903817,-28799.05452252,56355.3806390068,TRUE
"Luxembourg",2006,"gdp_pc_ppp",78878.0275161487,3133.85866305254,24422.4674534342,21288.6087903817,-28799.05452252,56355.3806390068,TRUE
"Cayman Islands",2006,"gdp_pc_ppp",75190.660082425,3133.85866305254,24422.4674534342,21288.6087903817,-28799.05452252,56355.3806390068,TRUE
"Bermuda",2006,"gdp_pc_ppp",73590.1160702265,3133.85866305254,24422.4674534342,21288.6087903817,-28799.05452252,56355.3806390068,TRUE
"San Marino",2006,"gdp_pc_ppp",67434.1560064444,3133.85866305254,24422.4674534342,21288.6087903817,-28799.05452252,56355.3806390068,TRUE
"Macao SAR, China",2006,"gdp_pc_ppp",67201.5209274347,3133.85866305254,24422.4674534342,21288.6087903817,-28799.05452252,56355.3806390068,TRUE
"Singapore",2006,"gdp_pc_ppp",64060.5686042424,3133.85866305254,24422.4674534342,21288.6087903817,-28799.05452252,56355.3806390068,TRUE
"Qatar",2007,"gdp_pc_ppp",124055.578655389,3285.9394168454,26439.6672196709,23153.7278028255,-31444.6522873929,61170.2589239092,TRUE
"United Arab Emirates",2007,"gdp_pc_ppp",99096.705445174,3285.9394168454,26439.6672196709,23153.7278028255,-31444.6522873929,61170.2589239092,TRUE
"Kuwait",2007,"gdp_pc_ppp",91434.9044736798,3285.9394168454,26439.6672196709,23153.7278028255,-31444.6522873929,61170.2589239092,TRUE
"Luxembourg",2007,"gdp_pc_ppp",85129.1888169612,3285.9394168454,26439.6672196709,23153.7278028255,-31444.6522873929,61170.2589239092,TRUE
"Brunei Darussalam",2007,"gdp_pc_ppp",83693.3213438754,3285.9394168454,26439.6672196709,23153.7278028255,-31444.6522873929,61170.2589239092,TRUE
"Bermuda",2007,"gdp_pc_ppp",77894.0646213844,3285.9394168454,26439.6672196709,23153.7278028255,-31444.6522873929,61170.2589239092,TRUE
"Cayman Islands",2007,"gdp_pc_ppp",77337.1870579606,3285.9394168454,26439.6672196709,23153.7278028255,-31444.6522873929,61170.2589239092,TRUE
"Macao SAR, China",2007,"gdp_pc_ppp",75677.0459228862,3285.9394168454,26439.6672196709,23153.7278028255,-31444.6522873929,61170.2589239092,TRUE
"San Marino",2007,"gdp_pc_ppp",71744.0519986492,3285.9394168454,26439.6672196709,23153.7278028255,-31444.6522873929,61170.2589239092,TRUE
"Singapore",2007,"gdp_pc_ppp",68804.9832153264,3285.9394168454,26439.6672196709,23153.7278028255,-31444.6522873929,61170.2589239092,TRUE
"Qatar",2008,"gdp_pc_ppp",126014.918876625,3310.70188023105,28047.3378522219,24736.6359719909,-33794.2520777552,65152.2918102082,TRUE
"United Arab Emirates",2008,"gdp_pc_ppp",93017.0906486344,3310.70188023105,28047.3378522219,24736.6359719909,-33794.2520777552,65152.2918102082,TRUE
"Luxembourg",2008,"gdp_pc_ppp",90970.7211980147,3310.70188023105,28047.3378522219,24736.6359719909,-33794.2520777552,65152.2918102082,TRUE
"Kuwait",2008,"gdp_pc_ppp",90337.3568803532,3310.70188023105,28047.3378522219,24736.6359719909,-33794.2520777552,65152.2918102082,TRUE
"Brunei Darussalam",2008,"gdp_pc_ppp",80476.7248922548,3310.70188023105,28047.3378522219,24736.6359719909,-33794.2520777552,65152.2918102082,TRUE
"Bermuda",2008,"gdp_pc_ppp",77556.4350038925,3310.70188023105,28047.3378522219,24736.6359719909,-33794.2520777552,65152.2918102082,TRUE
"Macao SAR, China",2008,"gdp_pc_ppp",76830.5859001478,3310.70188023105,28047.3378522219,24736.6359719909,-33794.2520777552,65152.2918102082,TRUE
"Cayman Islands",2008,"gdp_pc_ppp",76297.4581574567,3310.70188023105,28047.3378522219,24736.6359719909,-33794.2520777552,65152.2918102082,TRUE
"San Marino",2008,"gdp_pc_ppp",71723.6242187251,3310.70188023105,28047.3378522219,24736.6359719909,-33794.2520777552,65152.2918102082,TRUE
"Singapore",2008,"gdp_pc_ppp",67735.3480852019,3310.70188023105,28047.3378522219,24736.6359719909,-33794.2520777552,65152.2918102082,TRUE
"Qatar",2009,"gdp_pc_ppp",125897.51969409,3447.82312076542,26991.2213616007,23543.3982408353,-31867.2742404875,62306.3187228536,TRUE
"Luxembourg",2009,"gdp_pc_ppp",86873.2562419563,3447.82312076542,26991.2213616007,23543.3982408353,-31867.2742404875,62306.3187228536,TRUE
"United Arab Emirates",2009,"gdp_pc_ppp",83336.8197392763,3447.82312076542,26991.2213616007,23543.3982408353,-31867.2742404875,62306.3187228536,TRUE
"Kuwait",2009,"gdp_pc_ppp",80110.0698853041,3447.82312076542,26991.2213616007,23543.3982408353,-31867.2742404875,62306.3187228536,TRUE
"Macao SAR, China",2009,"gdp_pc_ppp",79123.7270138142,3447.82312076542,26991.2213616007,23543.3982408353,-31867.2742404875,62306.3187228536,TRUE
"Brunei Darussalam",2009,"gdp_pc_ppp",77957.1442560415,3447.82312076542,26991.2213616007,23543.3982408353,-31867.2742404875,62306.3187228536,TRUE
"Bermuda",2009,"gdp_pc_ppp",73336.9875151545,3447.82312076542,26991.2213616007,23543.3982408353,-31867.2742404875,62306.3187228536,TRUE
"Cayman Islands",2009,"gdp_pc_ppp",69254.1810233239,3447.82312076542,26991.2213616007,23543.3982408353,-31867.2742404875,62306.3187228536,TRUE
"Singapore",2009,"gdp_pc_ppp",66212.962556152,3447.82312076542,26991.2213616007,23543.3982408353,-31867.2742404875,62306.3187228536,TRUE
"Qatar",2010,"gdp_pc_ppp",151646.217415364,3680.29073855326,27438.8006489494,23758.5099103961,-31957.474127041,63076.5655145436,TRUE
"Macao SAR, China",2010,"gdp_pc_ppp",99831.766339042,3680.29073855326,27438.8006489494,23758.5099103961,-31957.474127041,63076.5655145436,TRUE
"Luxembourg",2010,"gdp_pc_ppp",90346.0688268008,3680.29073855326,27438.8006489494,23758.5099103961,-31957.474127041,63076.5655145436,TRUE
"United Arab Emirates",2010,"gdp_pc_ppp",83670.9093739164,3680.29073855326,27438.8006489494,23758.5099103961,-31957.474127041,63076.5655145436,TRUE
"Brunei Darussalam",2010,"gdp_pc_ppp",79542.6778763874,3680.29073855326,27438.8006489494,23758.5099103961,-31957.474127041,63076.5655145436,TRUE
"Singapore",2010,"gdp_pc_ppp",75400.5557984177,3680.29073855326,27438.8006489494,23758.5099103961,-31957.474127041,63076.5655145436,TRUE
"Kuwait",2010,"gdp_pc_ppp",75184.0866636559,3680.29073855326,27438.8006489494,23758.5099103961,-31957.474127041,63076.5655145436,TRUE
"Bermuda",2010,"gdp_pc_ppp",72188.6928304585,3680.29073855326,27438.8006489494,23758.5099103961,-31957.474127041,63076.5655145436,TRUE
"Cayman Islands",2010,"gdp_pc_ppp",66325.4574311641,3680.29073855326,27438.8006489494,23758.5099103961,-31957.474127041,63076.5655145436,TRUE
"Qatar",2011,"gdp_pc_ppp",174619.911359101,3729.50129952558,26527.2982448505,22797.796945325,-30467.1941184619,60723.993662838,TRUE
"Macao SAR, China",2011,"gdp_pc_ppp",121075.843709867,3729.50129952558,26527.2982448505,22797.796945325,-30467.1941184619,60723.993662838,TRUE
"Luxembourg",2011,"gdp_pc_ppp",94475.0302265023,3729.50129952558,26527.2982448505,22797.796945325,-30467.1941184619,60723.993662838,TRUE
"United Arab Emirates",2011,"gdp_pc_ppp",87709.0444061316,3729.50129952558,26527.2982448505,22797.796945325,-30467.1941184619,60723.993662838,TRUE
"Brunei Darussalam",2011,"gdp_pc_ppp",82735.3914838894,3729.50129952558,26527.2982448505,22797.796945325,-30467.1941184619,60723.993662838,TRUE
"Singapore",2011,"gdp_pc_ppp",80052.3914982651,3729.50129952558,26527.2982448505,22797.796945325,-30467.1941184619,60723.993662838,TRUE
"Kuwait",2011,"gdp_pc_ppp",79036.7857714517,3729.50129952558,26527.2982448505,22797.796945325,-30467.1941184619,60723.993662838,TRUE
"Bermuda",2011,"gdp_pc_ppp",70911.542318725,3729.50129952558,26527.2982448505,22797.796945325,-30467.1941184619,60723.993662838,TRUE
"Cayman Islands",2011,"gdp_pc_ppp",66629.1626966291,3729.50129952558,26527.2982448505,22797.796945325,-30467.1941184619,60723.993662838,TRUE
"Saudi Arabia",2011,"gdp_pc_ppp",64125.2177225838,3729.50129952558,26527.2982448505,22797.796945325,-30467.1941184619,60723.993662838,TRUE
"Norway",2011,"gdp_pc_ppp",62460.0908157002,3729.50129952558,26527.2982448505,22797.796945325,-30467.1941184619,60723.993662838,TRUE
"Qatar",2012,"gdp_pc_ppp",180939.425774901,3845.15284153671,27022.7747321382,23177.6218906015,-30921.2799943655,61789.2075680404,TRUE
"Macao SAR, China",2012,"gdp_pc_ppp",133100.431084191,3845.15284153671,27022.7747321382,23177.6218906015,-30921.2799943655,61789.2075680404,TRUE
"Luxembourg",2012,"gdp_pc_ppp",96636.426643956,3845.15284153671,27022.7747321382,23177.6218906015,-30921.2799943655,61789.2075680404,TRUE
"United Arab Emirates",2012,"gdp_pc_ppp",87339.6876580759,3845.15284153671,27022.7747321382,23177.6218906015,-30921.2799943655,61789.2075680404,TRUE
"Brunei Darussalam",2012,"gdp_pc_ppp",87256.0422331538,3845.15284153671,27022.7747321382,23177.6218906015,-30921.2799943655,61789.2075680404,TRUE
"Singapore",2012,"gdp_pc_ppp",82107.7270892092,3845.15284153671,27022.7747321382,23177.6218906015,-30921.2799943655,61789.2075680404,TRUE
"Kuwait",2012,"gdp_pc_ppp",82089.7260743667,3845.15284153671,27022.7747321382,23177.6218906015,-30921.2799943655,61789.2075680404,TRUE
"Bermuda",2012,"gdp_pc_ppp",69149.0500342682,3845.15284153671,27022.7747321382,23177.6218906015,-30921.2799943655,61789.2075680404,TRUE
"Norway",2012,"gdp_pc_ppp",65774.3520746224,3845.15284153671,27022.7747321382,23177.6218906015,-30921.2799943655,61789.2075680404,TRUE
"Saudi Arabia",2012,"gdp_pc_ppp",65033.6161818077,3845.15284153671,27022.7747321382,23177.6218906015,-30921.2799943655,61789.2075680404,TRUE
"Cayman Islands",2012,"gdp_pc_ppp",64726.5311142894,3845.15284153671,27022.7747321382,23177.6218906015,-30921.2799943655,61789.2075680404,TRUE
"Qatar",2013,"gdp_pc_ppp",169203.26105805,4035.05392418283,27951.9449660217,23916.8910418389,-31840.2826385755,63827.2815287801,TRUE
"Macao SAR, China",2013,"gdp_pc_ppp",149793.695123089,4035.05392418283,27951.9449660217,23916.8910418389,-31840.2826385755,63827.2815287801,TRUE
"Luxembourg",2013,"gdp_pc_ppp",100925.011992241,4035.05392418283,27951.9449660217,23916.8910418389,-31840.2826385755,63827.2815287801,TRUE
"United Arab Emirates",2013,"gdp_pc_ppp",85514.802433677,4035.05392418283,27951.9449660217,23916.8910418389,-31840.2826385755,63827.2815287801,TRUE
"Brunei Darussalam",2013,"gdp_pc_ppp",83237.1470918238,4035.05392418283,27951.9449660217,23916.8910418389,-31840.2826385755,63827.2815287801,TRUE
"Singapore",2013,"gdp_pc_ppp",83088.3185411658,4035.05392418283,27951.9449660217,23916.8910418389,-31840.2826385755,63827.2815287801,TRUE
"Kuwait",2013,"gdp_pc_ppp",76812.5388002445,4035.05392418283,27951.9449660217,23916.8910418389,-31840.2826385755,63827.2815287801,TRUE
"Bermuda",2013,"gdp_pc_ppp",71519.6398526584,4035.05392418283,27951.9449660217,23916.8910418389,-31840.2826385755,63827.2815287801,TRUE
"Norway",2013,"gdp_pc_ppp",67377.9262258772,4035.05392418283,27951.9449660217,23916.8910418389,-31840.2826385755,63827.2815287801,TRUE
"Qatar",2014,"gdp_pc_ppp",148389.108964021,4312.99070040776,29108.072180194,24795.0814797862,-32879.6315192716,66300.6943998734,TRUE
"Macao SAR, China",2014,"gdp_pc_ppp",145113.947357173,4312.99070040776,29108.072180194,24795.0814797862,-32879.6315192716,66300.6943998734,TRUE
"Luxembourg",2014,"gdp_pc_ppp",105296.284588232,4312.99070040776,29108.072180194,24795.0814797862,-32879.6315192716,66300.6943998734,TRUE
"United Arab Emirates",2014,"gdp_pc_ppp",85248.1547335913,4312.99070040776,29108.072180194,24795.0814797862,-32879.6315192716,66300.6943998734,TRUE
"Singapore",2014,"gdp_pc_ppp",84555.2446100826,4312.99070040776,29108.072180194,24795.0814797862,-32879.6315192716,66300.6943998734,TRUE
"Brunei Darussalam",2014,"gdp_pc_ppp",81225.5484781769,4312.99070040776,29108.072180194,24795.0814797862,-32879.6315192716,66300.6943998734,TRUE
"Bermuda",2014,"gdp_pc_ppp",71988.5383627822,4312.99070040776,29108.072180194,24795.0814797862,-32879.6315192716,66300.6943998734,TRUE
"Kuwait",2014,"gdp_pc_ppp",68336.5991953092,4312.99070040776,29108.072180194,24795.0814797862,-32879.6315192716,66300.6943998734,TRUE
"Norway",2014,"gdp_pc_ppp",66332.4614374198,4312.99070040776,29108.072180194,24795.0814797862,-32879.6315192716,66300.6943998734,TRUE
"Macao SAR, China",2015,"gdp_pc_ppp",108916.86260993,4458.69054442659,29720.5911161676,25261.900571741,-33434.1603131849,67613.4419737791,TRUE
"Luxembourg",2015,"gdp_pc_ppp",107888.578352982,4458.69054442659,29720.5911161676,25261.900571741,-33434.1603131849,67613.4419737791,TRUE
"Qatar",2015,"gdp_pc_ppp",102545.939634633,4458.69054442659,29720.5911161676,25261.900571741,-33434.1603131849,67613.4419737791,TRUE
"Singapore",2015,"gdp_pc_ppp",87156.187383315,4458.69054442659,29720.5911161676,25261.900571741,-33434.1603131849,67613.4419737791,TRUE
"Bermuda",2015,"gdp_pc_ppp",75943.4642970922,4458.69054442659,29720.5911161676,25261.900571741,-33434.1603131849,67613.4419737791,TRUE
"United Arab Emirates",2015,"gdp_pc_ppp",71720.3084512543,4458.69054442659,29720.5911161676,25261.900571741,-33434.1603131849,67613.4419737791,TRUE
"Ireland",2015,"gdp_pc_ppp",71607.4568294649,4458.69054442659,29720.5911161676,25261.900571741,-33434.1603131849,67613.4419737791,TRUE
"Luxembourg",2016,"gdp_pc_ppp",113365.176082265,4669.7098243846,30976.822023947,26307.1121995624,-34790.958474959,70437.4903232907,TRUE
"Macao SAR, China",2016,"gdp_pc_ppp",107906.815674246,4669.7098243846,30976.822023947,26307.1121995624,-34790.958474959,70437.4903232907,TRUE
"Qatar",2016,"gdp_pc_ppp",89934.692005072,4669.7098243846,30976.822023947,26307.1121995624,-34790.958474959,70437.4903232907,TRUE
"Singapore",2016,"gdp_pc_ppp",89901.8159165036,4669.7098243846,30976.822023947,26307.1121995624,-34790.958474959,70437.4903232907,TRUE
"Bermuda",2016,"gdp_pc_ppp",80412.1834895484,4669.7098243846,30976.822023947,26307.1121995624,-34790.958474959,70437.4903232907,TRUE
"Ireland",2016,"gdp_pc_ppp",73012.8198720374,4669.7098243846,30976.822023947,26307.1121995624,-34790.958474959,70437.4903232907,TRUE
"Macao SAR, China",2017,"gdp_pc_ppp",120983.492894337,4996.89472791886,33533.3260079329,28536.431280014,-37807.7521921022,76337.972927954,TRUE
"Luxembourg",2017,"gdp_pc_ppp",114985.842235989,4996.89472791886,33533.3260079329,28536.431280014,-37807.7521921022,76337.972927954,TRUE
"Qatar",2017,"gdp_pc_ppp",99358.3403307696,4996.89472791886,33533.3260079329,28536.431280014,-37807.7521921022,76337.972927954,TRUE
"Singapore",2017,"gdp_pc_ppp",95744.1821600957,4996.89472791886,33533.3260079329,28536.431280014,-37807.7521921022,76337.972927954,TRUE
"Bermuda",2017,"gdp_pc_ppp",85680.9701917217,4996.89472791886,33533.3260079329,28536.431280014,-37807.7521921022,76337.972927954,TRUE
"Ireland",2017,"gdp_pc_ppp",80450.3529336506,4996.89472791886,33533.3260079329,28536.431280014,-37807.7521921022,76337.972927954,TRUE
"Macao SAR, China",2018,"gdp_pc_ppp",129726.754015517,5490.15881865179,34896.7993382974,29406.6405196456,-38619.8019608166,79006.7601177658,TRUE
"Luxembourg",2018,"gdp_pc_ppp",116638.414163882,5490.15881865179,34896.7993382974,29406.6405196456,-38619.8019608166,79006.7601177658,TRUE
"Qatar",2018,"gdp_pc_ppp",110032.713236323,5490.15881865179,34896.7993382974,29406.6405196456,-38619.8019608166,79006.7601177658,TRUE
"Singapore",2018,"gdp_pc_ppp",103963.36329269,5490.15881865179,34896.7993382974,29406.6405196456,-38619.8019608166,79006.7601177658,TRUE
"Ireland",2018,"gdp_pc_ppp",86299.3420216976,5490.15881865179,34896.7993382974,29406.6405196456,-38619.8019608166,79006.7601177658,TRUE
"Bermuda",2018,"gdp_pc_ppp",85978.2177227009,5490.15881865179,34896.7993382974,29406.6405196456,-38619.8019608166,79006.7601177658,TRUE
"Macao SAR, China",2019,"gdp_pc_ppp",126160.45417335,5784.93081057111,36116.0002025353,30331.0693919642,-39711.6732773752,81612.6042904816,TRUE
"Luxembourg",2019,"gdp_pc_ppp",121371.73990307,5784.93081057111,36116.0002025353,30331.0693919642,-39711.6732773752,81612.6042904816,TRUE
"Qatar",2019,"gdp_pc_ppp",107502.469793988,5784.93081057111,36116.0002025353,30331.0693919642,-39711.6732773752,81612.6042904816,TRUE
"Singapore",2019,"gdp_pc_ppp",105335.291974111,5784.93081057111,36116.0002025353,30331.0693919642,-39711.6732773752,81612.6042904816,TRUE
"Ireland",2019,"gdp_pc_ppp",92022.59879983,5784.93081057111,36116.0002025353,30331.0693919642,-39711.6732773752,81612.6042904816,TRUE
"Bermuda",2019,"gdp_pc_ppp",90984.4576708318,5784.93081057111,36116.0002025353,30331.0693919642,-39711.6732773752,81612.6042904816,TRUE
"Niger",2001,"literacy",14.3800001144409,70.7175025939941,97.9100017547607,27.1924991607666,29.9287538528443,138.698750495911,TRUE
"Ethiopia",2004,"literacy",35.9000015258789,73.7825012207032,90.1849975585938,16.4024963378906,49.1787567138672,114.78874206543,TRUE
"Sierra Leone",2004,"literacy",34.8300018310547,73.7825012207032,90.1849975585938,16.4024963378906,49.1787567138672,114.78874206543,TRUE
"Chad",2004,"literacy",28.3799991607666,73.7825012207032,90.1849975585938,16.4024963378906,49.1787567138672,114.78874206543,TRUE
"Niger",2005,"literacy",28.6700000762939,71.3574981689453,92.482500076294,21.1250019073486,39.6699953079224,124.170002937317,TRUE
"Burkina Faso",2005,"literacy",23.5200004577637,71.3574981689453,92.482500076294,21.1250019073486,39.6699953079224,124.170002937317,TRUE
"Burkina Faso",2006,"literacy",22.4699993133545,66.3025016784668,93.3224983215332,27.0199966430665,25.7725067138671,133.852493286133,TRUE
"Pakistan",2007,"literacy",52.1399993896484,83.5899963378906,93.7600021362305,10.1700057983399,68.3349876403807,109.01501083374,TRUE
"Timor-Leste",2007,"literacy",50.5999984741211,83.5899963378906,93.7600021362305,10.1700057983399,68.3349876403807,109.01501083374,TRUE
"Ethiopia",2007,"literacy",39,83.5899963378906,93.7600021362305,10.1700057983399,68.3349876403807,109.01501083374,TRUE
"Burkina Faso",2007,"literacy",27.8799991607666,83.5899963378906,93.7600021362305,10.1700057983399,68.3349876403807,109.01501083374,TRUE
"Burundi",2008,"literacy",48.0800018310547,76.4375019073486,94.1625022888184,17.7250003814698,49.8500013351439,120.750002861023,TRUE
"South Sudan",2008,"literacy",26.8299999237061,76.4375019073486,94.1625022888184,17.7250003814698,49.8500013351439,120.750002861023,TRUE
"Togo",2009,"literacy",57.0900001525879,83.6607403810443,95.1150016784668,11.4542612974225,66.4793484349105,112.296393624601,TRUE
"Morocco",2009,"literacy",56.0800018310547,83.6607403810443,95.1150016784668,11.4542612974225,66.4793484349105,112.296393624601,TRUE
"Pakistan",2009,"literacy",54.8899993896484,83.6607403810443,95.1150016784668,11.4542612974225,66.4793484349105,112.296393624601,TRUE
"Mozambique",2009,"literacy",50.5800018310547,83.6607403810443,95.1150016784668,11.4542612974225,66.4793484349105,112.296393624601,TRUE
"Senegal",2009,"literacy",48.0400009155273,83.6607403810443,95.1150016784668,11.4542612974225,66.4793484349105,112.296393624601,TRUE
"Mali",2010,"literacy",31.1000003814697,76.1699981689453,94.9200019836425,18.7500038146972,48.0449924468995,123.045007705688,TRUE
"Guinea",2010,"literacy",25.3099994659424,76.1699981689453,94.9200019836425,18.7500038146972,48.0449924468995,123.045007705688,TRUE
"Togo",2011,"literacy",60.4099998474121,85.4899978637695,98.2699966430664,12.7799987792969,66.3199996948241,117.439994812012,TRUE
"Nepal",2011,"literacy",59.6300010681152,85.4899978637695,98.2699966430664,12.7799987792969,66.3199996948241,117.439994812012,TRUE
"Bangladesh",2011,"literacy",58.7700004577637,85.4899978637695,98.2699966430664,12.7799987792969,66.3199996948241,117.439994812012,TRUE
"Pakistan",2011,"literacy",54.7400016784668,85.4899978637695,98.2699966430664,12.7799987792969,66.3199996948241,117.439994812012,TRUE
"Senegal",2011,"literacy",51.810001373291,85.4899978637695,98.2699966430664,12.7799987792969,66.3199996948241,117.439994812012,TRUE
"Benin",2011,"literacy",44.6748575499254,85.4899978637695,98.2699966430664,12.7799987792969,66.3199996948241,117.439994812012,TRUE
"Afghanistan",2011,"literacy",31.4500007629394,85.4899978637695,98.2699966430664,12.7799987792969,66.3199996948241,117.439994812012,TRUE
"Mali",2011,"literacy",30.6200008392334,85.4899978637695,98.2699966430664,12.7799987792969,66.3199996948241,117.439994812012,TRUE
"Niger",2012,"literacy",30.5599994659424,74.7718276555524,95.0674991607666,20.2956715052142,44.3283203977312,125.511006418588,TRUE
"Ethiopia",2013,"literacy",48.3512310895047,79.6500015258789,96.4000015258789,16.75,54.5250015258789,121.525001525879,TRUE
"Benin",2013,"literacy",45.0800018310547,79.6500015258789,96.4000015258789,16.75,54.5250015258789,121.525001525879,TRUE
"Senegal",2013,"literacy",43.5299987792969,79.6500015258789,96.4000015258789,16.75,54.5250015258789,121.525001525879,TRUE
"Guinea",2014,"literacy",32,70.8000030517578,95.120002746582,24.3199996948242,34.3200035095215,131.600002288818,TRUE
"Niger",2014,"literacy",28.9700293064531,70.8000030517578,95.120002746582,24.3199996948242,34.3200035095215,131.600002288818,TRUE
"Afghanistan",2015,"literacy",33.75,72.064998626709,95.5750007629395,23.5100021362305,36.7999954223632,130.840003967285,TRUE
"Mali",2015,"literacy",33.0699996948242,72.064998626709,95.5750007629395,23.5100021362305,36.7999954223632,130.840003967285,TRUE
"Nigeria",2016,"literacy",58.2200012207031,83.3000030517578,97.0500030517578,13.75,62.6750030517578,117.675003051758,TRUE
"Cote d'Ivoire",2016,"literacy",50.0400009155273,83.3000030517578,97.0500030517578,13.75,62.6750030517578,117.675003051758,TRUE
"Ethiopia",2016,"literacy",47.4900016784668,83.3000030517578,97.0500030517578,13.75,62.6750030517578,117.675003051758,TRUE
"Senegal",2016,"literacy",46.0999984741211,83.3000030517578,97.0500030517578,13.75,62.6750030517578,117.675003051758,TRUE
"Chad",2016,"literacy",22.3099994659424,83.3000030517578,97.0500030517578,13.75,62.6750030517578,117.675003051758,TRUE
"Guinea",2018,"literacy",39.6199989318848,73.6606580322127,95.6525020599365,21.9918440277239,40.6728919906268,128.640268101522,TRUE
"Burkina Faso",2018,"literacy",39.3499984741211,73.6606580322127,95.6525020599365,21.9918440277239,40.6728919906268,128.640268101522,TRUE
"Mali",2018,"literacy",35.4700012207031,73.6606580322127,95.6525020599365,21.9918440277239,40.6728919906268,128.640268101522,TRUE
"Niger",2018,"literacy",33.0499992370605,73.6606580322127,95.6525020599365,21.9918440277239,40.6728919906268,128.640268101522,TRUE
"Sierra Leone",2019,"literacy",43.5800018310547,76.3188208830009,97.4550018310547,21.1361809480538,44.6145494609202,129.159273253135,TRUE
"Central African Republic",2019,"literacy",42.439998626709,76.3188208830009,97.4550018310547,21.1361809480538,44.6145494609202,129.159273253135,TRUE
"Chad",2019,"literacy",30.6299991607666,76.3188208830009,97.4550018310547,21.1361809480538,44.6145494609202,129.159273253135,TRUE
"Burkina Faso",2019,"literacy",29.6599998474121,76.3188208830009,97.4550018310547,21.1361809480538,44.6145494609202,129.159273253135,TRUE
"Greece",2019,"tertiary_enr",143.96272277832,24.3519257008631,70.8322143554687,46.4802886546056,-45.3685072810453,140.552647337377,TRUE
